Provinsi;Kab/Kota;Persentase Penduduk Miskin (P0) Menurut Kabupaten/Kota (Persen);Pengeluaran per Kapita Disesuaikan (Ribu Rupiah/Orang/Tahun);Indeks Pembangunan Manusia;Tingkat Pengangguran Terbuka;Klasifikasi Kemiskinan
ACEH;Simeulue;18,98;7148;66,41;5,71;0
ACEH;Aceh Singkil;20,36;8776;69,22;8,36;1
ACEH;Aceh Selatan;13,18;8180;67,44;6,46;0
ACEH;Aceh Tenggara;13,41;8030;69,44;6,43;0
ACEH;Aceh Timur;14,45;8577;67,83;7,13;0
ACEH;Aceh Tengah;15,26;10780;73,37;2,61;0
ACEH;Aceh Barat;18,81;9593;71,67;7,09;0
ACEH;Aceh Besar;14,05;9644;73,58;7,7;0
ACEH;Pidie;19,59;9860;70,7;7,28;0
ACEH;Bireuen;13,25;8867;72,33;4,32;0
ACEH;Aceh Utara;17,43;8201;69,46;8,31;0
ACEH;Aceh Barat Daya;16,34;8428;66,99;4,04;0
ACEH;Gayo Lues;19,64;8856;67,56;1,84;0
ACEH;Aceh Tamiang;13,34;8367;69,48;5,87;0
ACEH;Nagan Raya;18,23;8292;69,31;4,99;0
ACEH;Aceh Jaya;13,23;9666;69,84;3,47;0
ACEH;Bener Meriah;19,16;11118;73,27;1,24;0
ACEH;Pidie Jaya;19,55;10290;73,6;3,57;0
ACEH;Kota Banda Aceh;7,61;16891;85,71;8,94;0
ACEH;Kota Sabang;15,32;11378;76,11;3,56;0
ACEH;Kota Langsa;10,96;12067;77,44;7,21;0
ACEH;Kota Lhokseumawe;11,16;11390;77,57;11,16;0
ACEH;Kota Subulussalam;17,65;7385;65,27;6,26;0
SUMATERA UTARA;Nias;16,82;6995;62,74;3,12;0
SUMATERA UTARA;Mandailing Natal;9,49;9771;67,19;6,12;0
SUMATERA UTARA;Tapanuli Selatan;8,8;11304;70,33;4;0
SUMATERA UTARA;Tapanuli Tengah;12,67;10138;69,61;7,24;0
SUMATERA UTARA;Tapanuli Utara;9,72;11710;73,76;1,54;0
SUMATERA UTARA;Toba Samosir;8,99;12224;75,39;0,83;0
SUMATERA UTARA;Labuhan Batu;8,74;11212;72,09;5,66;0
SUMATERA UTARA;Asahan;9,35;11030;70,49;6,39;0
SUMATERA UTARA;Simalungun;8,81;11376;73,4;4,17;0
SUMATERA UTARA;Dairi;8,31;10504;71,84;1,49;0
SUMATERA UTARA;Karo;8,79;12412;74,83;1,95;0
SUMATERA UTARA;Deli Serdang;4,01;12291;75,53;9,13;0
SUMATERA UTARA;Langkat;10,12;11142;71,35;5,12;0
SUMATERA UTARA;Nias Selatan;16,92;7041;62,35;3,91;0
SUMATERA UTARA;Humbang Hasundutan;9,65;8016;69,41;1,94;0
SUMATERA UTARA;Pakpak Bharat;9,35;8254;67,94;1,36;0
SUMATERA UTARA;Samosir;12,68;8504;70,83;0,7;0
SUMATERA UTARA;Serdang Bedagai;8,3;11017;70,56;3,93;0
SUMATERA UTARA;Batu Bara;12,38;10539;68,58;6,62;0
SUMATERA UTARA;Padang Lawas Utara;9,92;10055;70,11;3,19;0
SUMATERA UTARA;Padang Lawas;8,69;8921;68,64;4,07;0
SUMATERA UTARA;Labuhan Batu Selatan;8,53;11562;71,69;4,71;0
SUMATERA UTARA;Labuhan Batu Utara;10,02;11840;71,87;5,74;0
SUMATERA UTARA;Nias Utara;25,66;6155;62,82;3;1
SUMATERA UTARA;Nias Barat;26,42;5924;61,99;0,74;1
SUMATERA UTARA;Kota Sibolga;12,33;11540;73,94;8,72;0
SUMATERA UTARA;Kota Tanjung Balai;13,4;11225;68,94;6,59;0
SUMATERA UTARA;Kota Pematang Siantar;8,52;12436;79,17;11;0
SUMATERA UTARA;Kota Tebing Tinggi;10,3;12939;75,42;8,37;0
SUMATERA UTARA;Kota Medan;8,34;14999;81,21;10,81;0
SUMATERA UTARA;Kota Binjai;5,81;11063;76,01;7,86;0
SUMATERA UTARA;Kota Padangsidimpuan;7,53;10965;75,48;7,18;0
SUMATERA UTARA;Kota Gunungsitoli;16,45;8134;69,61;4,8;0
SUMATERA BARAT;Kepulauan Mentawai;14,84;6321;61,35;2,79;0
SUMATERA BARAT;Pesisir Selatan;7,92;9270;70,03;5,97;0
SUMATERA BARAT;Solok;8,01;10215;69,24;4,67;0
SUMATERA BARAT;Sijunjung;6,8;10389;67,86;3,57;0
SUMATERA BARAT;Tanah Datar;4,54;10616;72,46;4,63;0
SUMATERA BARAT;Padang Pariaman;7,22;11050;70,76;8,41;0
SUMATERA BARAT;Agam;6,85;9662;72,57;5,06;0
SUMATERA BARAT;Lima Puluh Kota;7,29;9668;69,68;2,25;0
SUMATERA BARAT;Pasaman;7,48;8440;66,77;4,92;0
SUMATERA BARAT;Solok Selatan;7,52;10367;69,23;4,84;0
SUMATERA BARAT;Dharmasraya;6,67;11324;71,76;5;0
SUMATERA BARAT;Pasaman Barat;7,51;9089;68,76;5,02;0
SUMATERA BARAT;Kota Padang;4,94;14540;82,9;13,37;0
SUMATERA BARAT;Kota Solok;3,12;12168;78,41;5,15;0
SUMATERA BARAT;Kota Sawah Lunto;2,38;10195;72,88;6,38;0
SUMATERA BARAT;Kota Padang Panjang;5,92;10754;77,97;4,9;0
SUMATERA BARAT;Kota Bukittinggi;5,14;13331;80,7;6,09;0
SUMATERA BARAT;Kota Payakumbuh;6,16;13317;79,08;6,47;0
SUMATERA BARAT;Kota Pariaman;4,38;12818;77,07;6,09;0
RIAU;Kuantan Singingi;0,400694444;10309;70,6;2,06;0
RIAU;Indragiri Hulu;06.18;10260;70,01;3,32;0
RIAU;Indragiri Hilir;6,18;9945;66,63;2,66;0
RIAU;Pelalawan;9,63;11672;72,08;2,34;0
RIAU;Siak;5,18;11807;73,98;4,34;0
RIAU;Kampar;7,82;10858;73,02;4,27;0
RIAU;Rokan Hulu;10,4;9406;69,67;2,25;0
RIAU;Bengkalis;6,64;11415;73,58;6,63;0
RIAU;Rokan Hilir;7,18;9417;69,34;3,25;0
RIAU;Kepulauan Meranti;25,68;7780;65,7;4,43;1
RIAU;Kota Pekanbaru;2,83;14360;81,58;8,29;0
RIAU;Kota Dumai;3,42;11818;74,75;6,29;0
JAMBI;Kerinci;7,71;10184;71,45;2,32;0
JAMBI;Merangin;9,11;10380;69,53;4,83;0
JAMBI;Sarolangun;8,87;11792;70,25;5,52;0
JAMBI;Batang Hari;10,05;10032;70,11;4,26;0
JAMBI;Muaro Jambi;4,53;8825;69,55;5,59;0
JAMBI;Tanjung Jabung Timur;11,39;9163;64,91;1,56;0
JAMBI;Tanjung Jabung Barat;10,75;9699;68,16;2,53;0
JAMBI;Tebo;6,68;10546;69,35;2,83;0
JAMBI;Bungo;6,23;11670;70,15;5,86;0
JAMBI;Kota Jambi;9,02;12240;79,12;10,66;0
JAMBI;Kota Sungai Penuh;3,41;10454;75,7;3;0
SUMATERA SELATAN;Ogan Komering Ulu;12,62;10040;69,6;4,57;0
SUMATERA SELATAN;Ogan Komering Ilir;14,68;10755;67,17;3,01;0
SUMATERA SELATAN;Muara Enim;12,32;10995;68,86;5,03;0
SUMATERA SELATAN;Lahat;16,46;9735;67,58;3,6;0
SUMATERA SELATAN;Musi Rawas;13,89;9550;67,01;2,78;0
SUMATERA SELATAN;Musi Banyuasin;15,84;10140;68,1;3,99;0
SUMATERA SELATAN;Banyu Asin;10,75;9860;67,13;3,84;0
SUMATERA SELATAN;Ogan Komering Ulu Selatan;11,12;8585;65,34;3,23;0
SUMATERA SELATAN;Ogan Komering Ulu Timur;10,6;11531;69,58;3,18;0
SUMATERA SELATAN;Ogan Ilir;13,82;10454;67,17;3,07;0
SUMATERA SELATAN;Empat Lawang;13,35;9400;65,39;2,41;0
SUMATERA SELATAN;Penukal Abab Lematang Ilir;12,91;8210;64,88;3,61;0
SUMATERA SELATAN;Musi Rawas Utara;20,11;9855;64,93;6,72;1
SUMATERA SELATAN;Kota Palembang;11,34;14704;78,72;10,11;0
SUMATERA SELATAN;Kota Prabumulih;12,2;12752;74,67;5,86;0
SUMATERA SELATAN;Kota Pagar Alam;9,4;8877;68,68;1,64;0
SUMATERA SELATAN;Kota Lubuklinggau;13,23;13267;74,89;6,27;0
BENGKULU;Bengkulu Selatan;18,16;9916;70,75;2,55;0
BENGKULU;Rejang Lebong;15,85;10323;70,77;2,45;0
BENGKULU;Bengkulu Utara;11,61;10410;69,28;3,51;0
BENGKULU;Kaur;18,62;8638;67,17;3,45;0
BENGKULU;Seluma;18,72;8256;67,03;3,44;0
BENGKULU;Mukomuko;11,93;10405;68,64;3,68;0
BENGKULU;Lebong;12;11317;67,46;3,18;0
BENGKULU;Kepahiang;14,83;9377;68,62;1,89;0
BENGKULU;Bengkulu Tengah;9,68;9471;67,96;4,07;0
BENGKULU;Kota Bengkulu;17,89;14108;80,54;6,35;0
LAMPUNG;Lampung Barat;12,82;9969;67,9;2,83;0
LAMPUNG;Tanggamus;11,81;9266;66,65;2,93;0
LAMPUNG;Lampung Selatan;14,19;9931;68,49;5,27;0
LAMPUNG;Lampung Timur;15,08;10026;69,66;3,05;0
LAMPUNG;Lampung Tengah;11,99;11259;70,23;4,31;0
LAMPUNG;Lampung Utara;19,63;8737;67,89;6,14;0
LAMPUNG;Way Kanan;13,09;9173;67,57;3,36;0
LAMPUNG;Tulangbawang;9,67;10735;68,73;4,1;0
LAMPUNG;Pesawaran;15,11;7934;66,14;4,19;0
LAMPUNG;Pringsewu;10,11;10302;70,45;4,85;0
LAMPUNG;Mesuji;7,54;7980;64,04;3,42;0
LAMPUNG;Tulang Bawang Barat;8,32;8422;66,22;3,35;0
LAMPUNG;Pesisir Barat;14,81;8533;64,3;3,08;0
LAMPUNG;Kota Bandar Lampung;9,11;12247;77,58;8,85;0
LAMPUNG;Kota Metro;8,93;11916;77,49;5;0
KEP. BANGKA BELITUNG;Bangka;4,81;12424;72,46;5,97;0
KEP. BANGKA BELITUNG;Belitung;7,15;13563;72,57;3,51;0
KEP. BANGKA BELITUNG;Bangka Barat;2,75;12269;69,6;3,83;0
KEP. BANGKA BELITUNG;Bangka Tengah;5,13;12945;70,89;4,95;0
KEP. BANGKA BELITUNG;Bangka Selatan;3,69;11768;67,06;5,29;0
KEP. BANGKA BELITUNG;Belitung Timur;7,2;11760;71,42;3,78;0
KEP. BANGKA BELITUNG;Kota Pangkal Pinang;4,76;15716;78,57;6,81;0
KEPULAUAN RIAU;Karimun;6,85;11879;71,7;7,2;0
KEPULAUAN RIAU;Bintan;6,42;14393;74,57;8,62;0
KEPULAUAN RIAU;Natuna;4,95;14711;73,09;5,15;0
KEPULAUAN RIAU;Lingga;13,93;11938;65,83;4,23;0
KEPULAUAN RIAU;Kepulauan Anambas;7,09;11950;69,23;1,27;0
KEPULAUAN RIAU;Kota Batam;5,05;18034;81,12;11,64;0
KEPULAUAN RIAU;Kota Tanjung Pinang;9,57;15439;78,93;6,31;0
DKI JAKARTA;Kepulauan Seribu;15,06;12587;72,1;8,58;0
DKI JAKARTA;Kota Jakarta Selatan;3,56;23888;84,9;7,33;0
DKI JAKARTA;Kota Jakarta Timur;4,28;17733;82,97;8,23;0
DKI JAKARTA;Kota Jakarta Pusat;4,94;17365;81,56;7,75;0
DKI JAKARTA;Kota Jakarta Barat;4,31;20801;81,76;9,06;0
DKI JAKARTA;Kota Jakarta Utara;7,24;18762;80,51;9,84;0
JAWA BARAT;Bogor;8,13;10410;70,6;12,22;0
JAWA BARAT;Sukabumi;7,7;8850;67,07;9,51;0
JAWA BARAT;Cianjur;11,18;8052;65,56;9,32;0
JAWA BARAT;Bandung;7,15;10307;72,73;8,32;0
JAWA BARAT;Garut;10,65;7961;66,45;8,68;0
JAWA BARAT;Tasikmalaya;11,15;7829;65,9;6,16;0
JAWA BARAT;Ciamis;7,97;9259;70,93;5,06;0
JAWA BARAT;Kuningan;13,1;9409;69,71;11,68;0
JAWA BARAT;Cirebon;12,3;10368;69,12;10,38;0
JAWA BARAT;Majalengka;12,33;9591;67,81;5,71;0
JAWA BARAT;Sumedang;10,71;10262;71,8;9,18;0
JAWA BARAT;Indramayu;13,04;9810;67,64;8,3;0
JAWA BARAT;Subang;10,03;10854;69,13;9,77;0
JAWA BARAT;Purwakarta;8,83;11669;70,98;10,7;0
JAWA BARAT;Karawang;8,95;11522;70,94;11,83;0
JAWA BARAT;Bekasi;5,21;11341;74,45;10,09;0
JAWA BARAT;Bandung Barat;11,3;8546;68,29;11,65;0
JAWA BARAT;Pangandaran;9,65;9065;68,28;3,25;0
JAWA BARAT;Kota Bogor;7,24;11716;76,59;11,79;0
JAWA BARAT;Kota Sukabumi;8,25;10942;74,6;10,78;0
JAWA BARAT;Kota Bandung;4,37;16996;81,96;11,46;0
JAWA BARAT;Kota Cirebon;10,03;11810;75,25;10,53;0
JAWA BARAT;Kota Bekasi;4,74;15903;81,95;10,88;0
JAWA BARAT;Kota Depok;2,58;15420;81,37;9,76;0
JAWA BARAT;Kota Cimahi;5,35;12019;78,06;13,07;0
JAWA BARAT;Kota Tasikmalaya;13,13;10213;73,31;7,66;0
JAWA BARAT;Kota Banjar;7,11;10476;71,92;6,09;0
JAWA TENGAH;Cilacap;11,67;10534;70,42;9,97;0
JAWA TENGAH;Banyumas;13,66;11546;72,44;6,05;0
JAWA TENGAH;Purbalingga;16,24;10032;69,15;6,05;0
JAWA TENGAH;Banjarnegara;16,23;9407;67,86;5,86;0
JAWA TENGAH;Kebumen;17,83;9028;70,05;6,03;0
JAWA TENGAH;Purworejo;12,4;10275;72,98;3,59;0
JAWA TENGAH;Wonosobo;17,67;10760;68,43;5,26;0
JAWA TENGAH;Magelang;11,91;9440;70,12;5,03;0
JAWA TENGAH;Boyolali;10,62;13031;74,4;5,09;0
JAWA TENGAH;Klaten;13,49;12017;76,12;5,48;0
JAWA TENGAH;Sukoharjo;8,23;11428;77,13;3,32;0
JAWA TENGAH;Wonogiri;11,55;9429;70,49;2,43;0
JAWA TENGAH;Karanganyar;10,68;11509;75,99;5,89;0
JAWA TENGAH;Sragen;13,83;12679;74,08;4,76;0
JAWA TENGAH;Grobogan;12,74;10294;70,41;4,38;0
JAWA TENGAH;Blora;12,39;9669;69,37;3,81;0
JAWA TENGAH;Rembang;15,8;10519;70,43;3,67;0
JAWA TENGAH;Pati;10,21;10506;72,28;4,6;0
JAWA TENGAH;Kudus;7,6;11272;75,16;3,77;0
JAWA TENGAH;Jepara;7,44;10536;72,36;4,23;0
JAWA TENGAH;Demak;12,92;10248;72,57;5,28;0
JAWA TENGAH;Semarang;7,82;12070;74,24;5,02;0
JAWA TENGAH;Temanggung;10,17;9408;69,88;2,62;0
JAWA TENGAH;Kendal;10,24;11608;72,5;7,55;0
JAWA TENGAH;Batang;9,68;9524;68,92;6,59;0
JAWA TENGAH;Pekalongan;10,57;10409;70,11;4,28;0
JAWA TENGAH;Pemalang;16,56;8573;66,56;6,71;0
JAWA TENGAH;Tegal;8,6;9700;68,79;9,97;0
JAWA TENGAH;Brebes;17,43;10152;66,32;9,78;0
JAWA TENGAH;Kota Magelang;7,75;12349;79,43;8,73;0
JAWA TENGAH;Kota Surakarta;9,4;14911;82,62;7,85;0
JAWA TENGAH;Kota Salatiga;5,14;15843;83,6;7,26;0
JAWA TENGAH;Kota Semarang;4,56;15425;83,55;9,54;0
JAWA TENGAH;Kota Pekalongan;7,59;12598;75,4;6,89;0
JAWA TENGAH;Kota Tegal;8,12;13143;75,52;8,25;0
D I YOGYAKARTA;Kulon Progo;18,38;10069;74,71;3,69;0
D I YOGYAKARTA;Bantul;14,04;15545;80,28;4,04;0
D I YOGYAKARTA;Gunung Kidul;17,69;9505;70,16;2,2;0
D I YOGYAKARTA;Sleman;8,64;16060;84;5,17;0
D I YOGYAKARTA;Kota Yogyakarta;7,69;18801;87,18;9,13;0
JAWA TIMUR;Pacitan;15,11;8887;68,57;2,04;0
JAWA TIMUR;Ponorogo;10,26;9851;71,06;4,38;0
JAWA TIMUR;Trenggalek;12,14;9743;70,06;3,53;0
JAWA TIMUR;Tulungagung;7,51;10807;73,15;4,91;0
JAWA TIMUR;Blitar;9,65;10757;71,05;3,66;0
JAWA TIMUR;Kediri;11,64;11127;72,56;5,15;0
JAWA TIMUR;Malang;10,5;10163;70,6;5,4;0
JAWA TIMUR;Lumajang;10,05;9203;66,07;3,51;0
JAWA TIMUR;Jember;10,41;9410;67,32;5,44;0
JAWA TIMUR;Banyuwangi;8,07;12217;71,38;5,42;0
JAWA TIMUR;Bondowoso;14,73;10690;66,59;4,46;0
JAWA TIMUR;Situbondo;12,63;9996;67,78;3,68;0
JAWA TIMUR;Probolinggo;18,91;10969;66,26;4,55;0
JAWA TIMUR;Pasuruan;9,7;10297;68,93;6,03;0
JAWA TIMUR;Sidoarjo;5,93;14578;80,65;10,87;0
JAWA TIMUR;Mojokerto;10,62;12844;74,15;5,54;0
JAWA TIMUR;Jombang;10;11394;73,45;7,09;0
JAWA TIMUR;Nganjuk;11,85;12172;71,97;4,98;0
JAWA TIMUR;Madiun;11,91;11658;71,88;4,99;0
JAWA TIMUR;Magetan;10,66;11833;74,15;3,86;0
JAWA TIMUR;Ngawi;15,57;11459;71,04;4,25;0
JAWA TIMUR;Bojonegoro;13,27;10221;69,59;4,82;0
JAWA TIMUR;Tuban;16,31;10380;68,91;4,68;0
JAWA TIMUR;Lamongan;13,86;11510;73,12;4,9;0
JAWA TIMUR;Gresik;12,42;13280;76,5;8;0
JAWA TIMUR;Bangkalan;21,57;8673;64,36;8,07;1
JAWA TIMUR;Sampang;23,76;8790;62,8;3,45;1
JAWA TIMUR;Pamekasan;15,3;8804;66,4;3,1;0
JAWA TIMUR;Sumenep;20,51;9000;67,04;2,31;1
JAWA TIMUR;Kota Kediri;7,75;12359;78,6;6,37;0
JAWA TIMUR;Kota Blitar;7,89;13816;78,98;6,61;0
JAWA TIMUR;Kota Malang;4,62;16663;82,04;9,65;0
JAWA TIMUR;Kota Probolinggo;7,44;12245;73,66;6,55;0
JAWA TIMUR;Kota Pasuruan;6,88;13354;75,62;6,23;0
JAWA TIMUR;Kota Mojokerto;6,39;13610;78,43;6,87;0
JAWA TIMUR;Kota Madiun;5,09;16095;81,25;8,15;0
JAWA TIMUR;Kota Surabaya;5,23;17862;82,31;9,68;0
JAWA TIMUR;Kota Batu;4,09;12887;76,28;6,57;0
BANTEN;Pandeglang;10,72;8635;65,17;7,7;0
BANTEN;Lebak;10,29;8724;64,03;7,86;0
BANTEN;Tangerang;7,12;12273;72,29;9,06;0
BANTEN;Serang;5,49;10713;66,82;10,58;0
BANTEN;Kota Tangerang;5,93;14575;78,5;9,07;0
BANTEN;Kota Cilegon;4,24;13041;73,35;10,13;0
BANTEN;Kota Serang;6,79;13281;72,44;9,41;0
BANTEN;Kota Tangerang Selatan;2,57;15751;81,6;8,6;0
BALI;Jembrana;5,06;11675;72,75;4,11;0
BALI;Tabanan;5,12;14326;76,45;3,94;0
BALI;Badung;2,62;17327;81,83;6,93;0
BALI;Gianyar;4,85;14391;77,7;6,9;0
BALI;Klungkung;5,64;11287;71,75;5,35;0
BALI;Bangli;5,09;11201;69,37;1,8;0
BALI;Karang Asem;6,78;10175;67,36;2,32;0
BALI;Buleleng;6,12;13362;72,56;5,38;0
BALI;Kota Denpasar;2,96;19598;84,03;7,02;0
NUSA TENGGARA BARAT;Lombok Barat;14,47;11334;68,61;3,32;0
NUSA TENGGARA BARAT;Lombok Tengah;13,44;9962;66,72;2,33;0
NUSA TENGGARA BARAT;Lombok Timur;15,38;9450;66,66;2,79;0
NUSA TENGGARA BARAT;Sumbawa;13,91;9167;68,01;3,39;0
NUSA TENGGARA BARAT;Dompu;12,6;8899;68,45;3,02;0
NUSA TENGGARA BARAT;Bima;14,88;8495;66,66;1,58;0
NUSA TENGGARA BARAT;Sumbawa Barat;13,54;11548;71,85;5,52;0
NUSA TENGGARA BARAT;Lombok Utara;27,04;9057;64,77;1,75;1
NUSA TENGGARA BARAT;Kota Mataram;8,65;14999;79,14;5,19;0
NUSA TENGGARA BARAT;Kota Bima;8,88;11135;76,11;3,56;0
NUSA TENGGARA TIMUR;Sumba Barat;28,39;7307;63,83;1,74;1
NUSA TENGGARA TIMUR;Sumba Timur;29,68;9354;65,74;3,35;1
NUSA TENGGARA TIMUR;Kupang;22,98;7476;64,41;3,99;1
NUSA TENGGARA TIMUR;Timor Tengah Selatan;26,64;6839;62,16;2,57;1
NUSA TENGGARA TIMUR;Timor Tengah Utara;22,62;6324;63,69;3,88;1
NUSA TENGGARA TIMUR;Belu;15,68;7431;62,77;5,35;0
NUSA TENGGARA TIMUR;Alor;21,09;6751;61,37;2,59;1
NUSA TENGGARA TIMUR;Lembata;26,21;7257;64,75;4,94;1
NUSA TENGGARA TIMUR;Flores Timur;11,14;7578;64,22;3,81;0
NUSA TENGGARA TIMUR;Sikka;13,35;8021;65,41;4,54;0
NUSA TENGGARA TIMUR;Ende;24,13;9027;67,3;2,61;1
NUSA TENGGARA TIMUR;Ngada;12,58;8819;67,88;2,99;0
NUSA TENGGARA TIMUR;Manggarai;20,48;7133;65,01;3,7;1
NUSA TENGGARA TIMUR;Rote Ndao;28,08;6503;62,6;3,67;1
NUSA TENGGARA TIMUR;Manggarai Barat;17,92;7410;64,17;4,94;0
NUSA TENGGARA TIMUR;Sumba Tengah;34,27;6061;61,8;1,45;1
NUSA TENGGARA TIMUR;Sumba Barat Daya;28,18;6355;62,29;2,04;1
NUSA TENGGARA TIMUR;Nagekeo;12,91;8254;65,82;0,97;0
NUSA TENGGARA TIMUR;Manggarai Timur;26,5;5780;61,37;1,96;1
NUSA TENGGARA TIMUR;Sabu Raijua;30,13;5256;57,03;1,25;1
NUSA TENGGARA TIMUR;Malaka;16,33;5861;60,42;3,43;0
NUSA TENGGARA TIMUR;Kota Kupang;9,17;13218;79,74;9,76;0
KALIMANTAN BARAT;Sambas;7,66;9828;67,1;3,97;0
KALIMANTAN BARAT;Bengkayang;6,48;9193;68,04;4,42;0
KALIMANTAN BARAT;Landak;10,99;7431;66,21;3,22;0
KALIMANTAN BARAT;Pontianak;5,18;7758;66,03;7,71;0
KALIMANTAN BARAT;Sanggau;4,55;8328;66,2;3,45;0
KALIMANTAN BARAT;Ketapang;10,13;9209;67,43;6,94;0
KALIMANTAN BARAT;Sintang;9,28;8708;66,93;3,95;0
KALIMANTAN BARAT;Kapuas Hulu;8,93;7168;65,75;4,18;0
KALIMANTAN BARAT;Sekadau;6,26;7462;64,93;2,92;0
KALIMANTAN BARAT;Melawi;12,01;8415;65,87;2,66;0
KALIMANTAN BARAT;Kayong Utara;9,33;7920;62,9;3,78;0
KALIMANTAN BARAT;Kubu Raya;4,34;8630;68,16;7,02;0
KALIMANTAN BARAT;Kota Pontianak;4,58;14610;79,93;12,38;0
KALIMANTAN BARAT;Kota Singkawang;4,83;11767;72,11;9,16;0
KALIMANTAN TENGAH;Kotawaringin Barat;3,95;13117;73,07;4,7;0
KALIMANTAN TENGAH;Kotawaringin Timur;5,91;11866;71,38;5,15;0
KALIMANTAN TENGAH;Kapuas;5,35;11148;69,63;4,91;0
KALIMANTAN TENGAH;Barito Selatan;4,62;11492;70,54;4,16;0
KALIMANTAN TENGAH;Barito Utara;5,61;9951;70,79;5,14;0
KALIMANTAN TENGAH;Sukamara;3,66;8773;68,27;4,65;0
KALIMANTAN TENGAH;Lamandau;3,56;11234;70,58;2,3;0
KALIMANTAN TENGAH;Seruyan;7,22;9420;67,67;4,25;0
KALIMANTAN TENGAH;Katingan;5,25;10568;68,89;5,5;0
KALIMANTAN TENGAH;Pulang Pisau;4,24;10082;68,53;2,6;0
KALIMANTAN TENGAH;Gunung Mas;5,35;10809;71,03;3,11;0
KALIMANTAN TENGAH;Barito Timur;6,38;11322;71,47;3,22;0
KALIMANTAN TENGAH;Murung Raya;6,15;10449;68,12;3,03;0
KALIMANTAN TENGAH;Kota Palangka Raya;3,75;14070;80,82;5,86;0
KALIMANTAN SELATAN;Tanah Laut;4,57;11310;69,87;3,52;0
KALIMANTAN SELATAN;Kota Baru;4,86;11720;69,13;5,57;0
KALIMANTAN SELATAN;Banjar;3,04;12707;69,89;3,98;0
KALIMANTAN SELATAN;Barito Kuala;5,11;9868;66,64;3,22;0
KALIMANTAN SELATAN;Tapin;3,6;11952;70,31;4,96;0
KALIMANTAN SELATAN;Hulu Sungai Selatan;4,84;12736;69,21;2,44;0
KALIMANTAN SELATAN;Hulu Sungai Tengah;6,18;12280;69,05;3,76;0
KALIMANTAN SELATAN;Hulu Sungai Utara;6,83;9644;66,12;4,8;0
KALIMANTAN SELATAN;Tabalong;6,27;11470;72,6;3,43;0
KALIMANTAN SELATAN;Tanah Bumbu;4,82;11844;71;6,83;0
KALIMANTAN SELATAN;Balangan;6,07;11500;69,11;2,44;0
KALIMANTAN SELATAN;Kota Banjarmasin;4,89;14432;77,57;8,47;0
KALIMANTAN SELATAN;Kota Banjar Baru;4,4;13789;79,26;5,7;0
KALIMANTAN TIMUR;Paser;9,73;10673;72,93;5,7;0
KALIMANTAN TIMUR;Kutai Barat;10,24;10062;72,07;5,14;0
KALIMANTAN TIMUR;Kutai Kartanegara;7,99;11048;74,06;5,66;0
KALIMANTAN TIMUR;Kutai Timur;9,81;10868;73,81;5,35;0
KALIMANTAN TIMUR;Berau;5,88;12435;75,2;5,82;0
KALIMANTAN TIMUR;Penajam Paser Utara;7,61;11651;72,01;2,95;0
KALIMANTAN TIMUR;Mahakam Hulu;11,9;7802;67,95;3,14;0
KALIMANTAN TIMUR;Kota Balikpapan;2,89;14862;80,71;8,94;0
KALIMANTAN TIMUR;Kota Samarinda;4,99;14582;80,76;8,16;0
KALIMANTAN TIMUR;Kota Bontang;4,62;16765;80,59;9,92;0
KALIMANTAN UTARA;Malinau;7,3;9928;72,32;4,14;0
KALIMANTAN UTARA;Bulungan;10,03;9423;71,8;4,54;0
KALIMANTAN UTARA;Tana Tidung;5,15;7676;67,76;5,26;0
KALIMANTAN UTARA;Nunukan;6,79;7064;66,46;4,24;0
KALIMANTAN UTARA;Kota Tarakan;6,71;11261;76,23;4,94;0
SULAWESI UTARA;Bolaang Mongondow;7,58;10220;68,16;4,85;0
SULAWESI UTARA;Minahasa;7,67;12481;75,73;6,14;0
SULAWESI UTARA;Kepulauan Sangihe;11,02;11524;71,07;4,72;0
SULAWESI UTARA;Kepulauan Talaud;9;8558;69,83;2,3;0
SULAWESI UTARA;Minahasa Selatan;9,37;11554;72,32;4,9;0
SULAWESI UTARA;Minahasa Utara;7,11;11481;74,11;8,12;0
SULAWESI UTARA;Bolaang Mongondow Utara;8,03;9143;67,39;5,23;0
SULAWESI UTARA;Siau Tagulandang Biaro;8,94;8145;68,05;3,39;0
SULAWESI UTARA;Minahasa Tenggara;12,47;10479;71,06;3,39;0
SULAWESI UTARA;Bolaang Mongondow Selatan;12,85;8939;65,42;4,6;0
SULAWESI UTARA;Bolaang Mongondow Timur;6,1;9115;66,55;5,99;0
SULAWESI UTARA;Kota Manado;6,19;13991;79,2;12,17;0
SULAWESI UTARA;Kota Bitung;6,43;12271;74,2;9,96;0
SULAWESI UTARA;Kota Tomohon;5,69;11851;76,86;8,84;0
SULAWESI UTARA;Kota Kotamobagu;5,74;10848;73,47;7,32;0
SULAWESI TENGAH;Banggai Kepulauan;13,72;7453;65,61;2,95;0
SULAWESI TENGAH;Banggai;7,83;9603;70,6;3,57;0
SULAWESI TENGAH;Morowali;13,75;11028;72,29;5,08;0
SULAWESI TENGAH;Poso;15,92;8850;71,45;2,47;0
SULAWESI TENGAH;Donggala;16,73;8002;65,72;3,5;0
SULAWESI TENGAH;Toli-Toli;13,51;7947;66,3;3,13;0
SULAWESI TENGAH;Buol;14,06;7974;68,25;3,64;0
SULAWESI TENGAH;Parigi Moutong;15,28;9675;65,82;2,97;0
SULAWESI TENGAH;Tojo Una-Una;16,6;7621;64,74;3,44;0
SULAWESI TENGAH;Sigi;13,05;8171;68,49;2,38;0
SULAWESI TENGAH;Banggai Laut;14,17;7707;65,65;3,35;0
SULAWESI TENGAH;Morowali Utara;13,9;8890;68,48;2,98;0
SULAWESI TENGAH;Kota Palu;7,17;14894;81,7;7,61;0
SULAWESI SELATAN;Kepulauan Selayar;12,45;9060;67,76;2,81;0
SULAWESI SELATAN;Bulukumba;7,43;10632;69,62;3,14;0
SULAWESI SELATAN;Bantaeng;9,41;11829;68,99;4,07;0
SULAWESI SELATAN;Jeneponto;14,28;9215;64,56;2,38;0
SULAWESI SELATAN;Takalar;8,25;10543;67,72;3,93;0
SULAWESI SELATAN;Gowa;7,54;9504;70,29;4,3;0
SULAWESI SELATAN;Sinjai;8,84;9505;67,75;2,61;0
SULAWESI SELATAN;Maros;9,57;11032;70,41;6,3;0
SULAWESI SELATAN;Pangkajene Dan Kepulauan;14,28;11519;69,21;5,86;0
SULAWESI SELATAN;Barru;8,68;11017;71,13;6,74;0
SULAWESI SELATAN;Bone;10,52;9030;66,4;4,15;0
SULAWESI SELATAN;Soppeng;7,53;9558;68,99;3,92;0
SULAWESI SELATAN;Wajo;6,46;12505;69,62;4,32;0
SULAWESI SELATAN;Sidenreng Rappang;5,04;12201;71,54;4,93;0
SULAWESI SELATAN;Pinrang;8,81;11956;71,45;4,06;0
SULAWESI SELATAN;Enrekang;12,47;10973;72,91;2,34;0
SULAWESI SELATAN;Luwu;12,53;10116;70,85;4,8;0
SULAWESI SELATAN;Tana Toraja;12,27;7434;69,49;3,09;0
SULAWESI SELATAN;Luwu Utara;13,59;11736;70,02;3,91;0
SULAWESI SELATAN;Luwu Timur;6,94;12886;73,34;4,96;0
SULAWESI SELATAN;Toraja Utara;11,99;8134;69,75;2,61;0
SULAWESI SELATAN;Kota Makassar;4,82;17097;82,66;13,18;0
SULAWESI SELATAN;Kota Parepare;5,4;13786;78,21;6,72;0
SULAWESI SELATAN;Kota Palopo;8,14;13117;78,38;8,83;0
SULAWESI TENGGARA;Buton;13,92;7324;66,32;4,74;0
SULAWESI TENGGARA;Muna;13,54;8218;69,17;4,97;0
SULAWESI TENGGARA;Konawe;13,03;10151;71,48;4,56;0
SULAWESI TENGGARA;Kolaka;12,43;12525;73,56;3,62;0
SULAWESI TENGGARA;Konawe Selatan;11,34;9059;68,58;2,14;0
SULAWESI TENGGARA;Bombana;10,76;8310;66,25;3,17;0
SULAWESI TENGGARA;Wakatobi;14,91;9280;69,87;2,3;0
SULAWESI TENGGARA;Kolaka Utara;13,79;10244;69,5;3,18;0
SULAWESI TENGGARA;Buton Utara;14,89;7496;68,08;3;0
SULAWESI TENGGARA;Konawe Utara;14,32;9181;70,23;3,36;0
SULAWESI TENGGARA;Kolaka Timur;14,35;7753;67,76;3,44;0
SULAWESI TENGGARA;Konawe Kepulauan;17,81;6738;65,73;1,83;0
SULAWESI TENGGARA;Muna Barat;13,96;7502;65,48;2,84;0
SULAWESI TENGGARA;Buton Tengah;15,8;7244;64,55;3,77;0
SULAWESI TENGGARA;Buton Selatan;14,62;7279;64,99;3,92;0
SULAWESI TENGGARA;Kota Kendari;4,87;14356;84,15;5,19;0
SULAWESI TENGGARA;Kota Baubau;7,78;10503;76,26;6,87;0
GORONTALO;Boalemo;19;8940;66,42;3,57;0
GORONTALO;Gorontalo;17,89;9412;67,34;2,12;0
GORONTALO;Pohuwato;18,08;10409;65,8;2,45;0
GORONTALO;Bone Bolango;16,3;10198;70,25;3,45;0
GORONTALO;Gorontalo Utara;17,23;9064;65,21;2,3;0
GORONTALO;Kota Gorontalo;5,93;12390;77,41;4,55;0
SULAWESI BARAT;Majene;14,34;10028;67,29;2,85;0
SULAWESI BARAT;Polewali Mandar;15,68;8548;64,23;3,38;0
SULAWESI BARAT;Mamasa;13,77;7736;66,63;2,18;0
SULAWESI BARAT;Mamuju;7,46;9494;68,32;3,79;0
SULAWESI BARAT;Mamuju Utara;4,77;11072;68,03;3,13;0
SULAWESI BARAT;Mamuju Tengah;7,13;8408;66,18;2,52;0
MALUKU;Maluku Tenggara Barat;27,27;6335;62,97;4,4;1
MALUKU;Maluku Tenggara;22,73;7580;66,33;5,06;1
MALUKU;Maluku Tengah;19,84;10243;71,32;8,07;0
MALUKU;Buru;17,28;10347;69,33;4,85;0
MALUKU;Kepulauan Aru;26,53;7623;63,83;1,55;1
MALUKU;Seram Bagian Barat;25,27;8720;65,83;5,65;1
MALUKU;Seram Bagian Timur;23,25;9480;64,3;3,88;1
MALUKU;Maluku Barat Daya;29,55;6918;62,37;1,8;1
MALUKU;Buru Selatan;15,89;7600;64,8;1,63;0
MALUKU;Kota Ambon;5,02;14148;81,23;11,32;0
MALUKU;Kota Tual;23,26;7405;68,16;8,71;1
MALUKU UTARA;Halmahera Barat;8,95;7467;65,56;3,26;0
MALUKU UTARA;Halmahera Tengah;13,52;7966;65,82;4,23;0
MALUKU UTARA;Kepulauan Sula;8,23;7040;63,8;2,78;0
MALUKU UTARA;Halmahera Selatan;5,19;7142;64,19;1,94;0
MALUKU UTARA;Halmahera Utara;5,22;7519;67,82;8,01;0
MALUKU UTARA;Halmahera Timur;15,04;7973;67;6,78;0
MALUKU UTARA;Pulau Morotai;6,52;6378;62,9;6,27;0
MALUKU UTARA;Pulau Taliabu;7,49;6467;60,73;6,1;0
MALUKU UTARA;Kota Ternate;3,55;13290;80,14;5,7;0
MALUKU UTARA;Kota Tidore Kepulauan;6,58;8316;70,99;2,81;0
PAPUA BARAT;Fakfak;22,86;7446;68,52;7,9;1
PAPUA BARAT;Kaimana;16,04;8151;65,31;3,23;0
PAPUA BARAT;Teluk Wondama;31,61;8034;60,33;2,9;1
PAPUA BARAT;Teluk Bintuni;29,79;9708;64,65;4,74;1
PAPUA BARAT;Manokwari;20,56;11977;72,02;7,04;1
PAPUA BARAT;Sorong Selatan;18,55;6188;62,46;3,55;1
PAPUA BARAT;Sorong;27,78;7350;65,77;3,36;0
PAPUA BARAT;Raja Ampat;17,5;7882;63,92;3,81;1
PAPUA BARAT;Tambrauw;33,86;4903;53,71;1,49;1
PAPUA BARAT;Maybrat;31,39;5245;59,7;1,89;1
PAPUA BARAT;Manokwari Selatan;29,3;5505;59,85;2,9;1
PAPUA BARAT;Pegunungan Arfak;34,7;5009;56,13;0,7;0
PAPUA BARAT;Kota Sorong;15,35;13744;78,49;9,95;0
PAPUA;Merauke;10,16;10201;70,49;2,19;1
PAPUA;Jayawijaya;37,09;7545;58,67;1,62;0
PAPUA;Jayapura;12,13;9989;72,03;7,87;1
PAPUA;Nabire;23,83;8856;69,15;3,05;1
PAPUA;Kepulauan Yapen;26,09;7491;67,72;2,47;1
PAPUA;Biak Numfor;24,45;9607;72,33;9,49;1
PAPUA;Paniai;36,59;6377;56,7;0,74;1
PAPUA;Puncak Jaya;36;5289;48,99;1,74;1
PAPUA;Mimika;14,17;11400;74,48;5,37;0
PAPUA;Boven Digoel;19,9;7864;61,62;6,73;0
PAPUA;Mappi;26,05;6327;58,7;4,11;1
PAPUA;Asmat;24,83;5736;51,29;0,45;1
PAPUA;Yahukimo;37,64;4895;49,48;2,25;1
PAPUA;Pegunungan Bintang;30,46;5429;46,28;4,43;1
PAPUA;Tolikara;32,6;4841;49,6;1,12;1
PAPUA;Sarmi;13,84;6617;63,94;3,5;0
PAPUA;Keerom;16;8926;66,49;1,41;0
PAPUA;Waropen;29,85;6788;65,1;8,56;1
PAPUA;Supiori;37,91;5708;62,72;2,66;1
PAPUA;Mamberamo Raya;28,78;4603;52,18;1,91;1
PAPUA;Nduga *;37,18;3976;32,84;0;1
PAPUA;Lanny Jaya;38,73;4393;48,68;0;1
PAPUA;Mamberamo Tengah;36,76;4487;48,32;0,9;1
PAPUA;Yalimo;33,25;4664;49,01;0,41;1
PAPUA;Puncak;36,26;5412;43,17;0,94;1
PAPUA;Dogiyai;28,81;5415;55;5,68;1
PAPUA;Intan Jaya;41,66;5328;48,34;1,43;1
PAPUA;Deiyai;40,59;4673;49,96;0,79;1
PAPUA;Kota Jayapura;11,39;14937;80,11;11,67;0
